name,cnpj,start,end,te,tusd,rate,resolution
CERES,31465487000101,2026-04-29,2027-04-28,0.40556,1.16367,1.56923,"RESOLUÇÃO HOMOLOGATÓRIA Nº 1.454, DE 28 DE ABRIL DE 2026"
CERCI,27707397000102,2026-04-29,2027-04-28,0.37465,1.12624,1.50089,"RESOLUÇÃO HOMOLOGATÓRIA Nº 1.464, DE 28 DE ABRIL DE 2026"
COOPERNORTE,88022918000182,2026-01-01,2026-12-21,0.39687,0.97426,1.37113,"RESOLUÇÃO HOMOLOGATÓRIA Nº 3.561, DE 9 DE DEZEMBRO DE 2025"
CERAL ARARUAMA,28610236000169,2026-04-29,2027-04-28,0.14844,1.0579,1.20634,"RESOLUÇÃO HOMOLOGATÓRIA Nº 1.463, DE 28 DE ABRIL DE 2026"
CERTREL,76583962000182,2026-01-01,2026-09-29,0.20647,0.9208200000000001,1.12729,"RESOLUÇÃO HOMOLOGATÓRIA Nº 3.526, DE 23 DE SETEMBRO DE 2025"
CERIS,57384943000182,2026-07-30,2027-07-29,0.36083,0.75429,1.11512,"RESOLUÇÃO HOMOLOGATÓRIA Nº 2.814, DE 30 DE JULHO DE 2026"
CEDRAP,60196987000193,2026-01-01,2026-11-29,0.26539999999999997,0.8254400000000001,1.09084,"RESOLUÇÃO HOMOLOGATÓRIA Nº 3.549, DE 25 DE NOVEMBRO DE 2025"
ENEL RJ,33050071000158,2026-03-15,2027-03-14,0.32938,0.73172,1.0611,"RESOLUÇÃO HOMOLOGATÓRIA Nº 3.570, DE 10 DE MARÇO DE 2026"
CERPALO,85318640000105,2026-01-01,2026-09-29,0.3044,0.71082,1.01522,"RESOLUÇÃO HOMOLOGATÓRIA Nº 3.523, DE 23 DE SETEMBRO DE 2025"
CERCOS,13107842000199,2026-05-29,2027-05-28,0.29763999999999996,0.71676,1.0144,"RESOLUÇÃO HOMOLOGATÓRIA Nº 1.902, DE 26 DE MAIO DE 2026"
CERAL ANITÁPOLIS,75826404000138,2026-01-01,2026-11-29,0.22097,0.7809299999999999,1.0019,"RESOLUÇÃO HOMOLOGATÓRIA Nº 3.550, DE 25 DE NOVEMBRO DE 2025"
ETO,25086034000171,2026-08-26,2027-08-25,0.30951,0.6832699999999999,0.99278,"RESOLUÇÃO HOMOLOGATÓRIA Nº 3.323, DE 24 DE AGOSTO DE 2026"
EMS,15413826000150,2026-04-22,2027-04-21,0.32459,0.66201,0.9866,"RESOLUÇÃO HOMOLOGATÓRIA Nº 3.582, DE 22 DE ABRIL DE 2026"
EQUATORIAL PA,04895728000180,2026-01-01,2026-12-31,0.28622000000000003,0.69208,0.9783,"RESOLUÇÃO HOMOLOGATÓRIA Nº 3.507, DE 5 DE AGOSTO DE 2025"
CELETRO,87776043000141,2026-07-30,2027-07-29,0.33165,0.6376000000000001,0.96925,"RESOLUÇÃO HOMOLOGATÓRIA Nº 2.812, DE 30 DE JULHO DE 2026"
CERMC,52548732000114,2026-01-01,2026-11-29,0.34591000000000005,0.62317,0.96908,"RESOLUÇÃO HOMOLOGATÓRIA Nº 3.552, DE 25 DE NOVEMBRO DE 2025"
CEREJ,82574864000181,2026-01-01,2026-09-29,0.23717,0.7246900000000001,0.96186,"RESOLUÇÃO HOMOLOGATÓRIA Nº 3.532, DE 23 DE SETEMBRO DE 2025"
EQUATORIAL PI,06840748000189,2026-01-01,2026-12-01,0.29947,0.64722,0.94669,"RESOLUÇÃO HOMOLOGATÓRIA Nº 3.555, DE 25 DE NOVEMBRO DE 2025"
RGE,02016440000162,2026-06-19,2027-06-18,0.35611000000000004,0.5885,0.94461,"RESOLUÇÃO HOMOLOGATÓRIA Nº 3.590, DE 16 DE JUNHO DE 2026"
CERGRAL,86449170000173,2026-01-01,2026-09-29,0.24258000000000002,0.69172,0.9343,"RESOLUÇÃO HOMOLOGATÓRIA Nº 3.540, DE 23 DE SETEMBRO DE 2025"
EMR,19527639000158,2026-06-22,2027-06-21,0.36089,0.5581,0.91899,"RESOLUÇÃO HOMOLOGATÓRIA Nº 3.591, DE 19 DE JUNHO DE 2026"
CERTEL ENERGIA,09257558000121,2026-07-30,2027-07-29,0.32585000000000003,0.58765,0.9135,"RESOLUÇÃO HOMOLOGATÓRIA Nº 2.842, DE 30 DE JULHO DE 2026"
CETRIL,49313653000110,2026-01-01,2026-11-29,0.25788,0.6521,0.90998,"RESOLUÇÃO HOMOLOGATÓRIA Nº 3.553, DE 25 DE NOVEMBRO DE 2025"
CEMIG-D,06981180000116,2026-05-28,2027-05-27,0.31021,0.59308,0.90329,"RESOLUÇÃO HOMOLOGATÓRIA Nº 3.589, DE 26 DE MAIO DE 2026"
EMT,03467321000199,2026-04-08,2027-04-07,0.29414,0.6052799999999999,0.89942,"RESOLUÇÃO HOMOLOGATÓRIA Nº 3.581, DE 22 DE ABRIL DE 2026"
EQUATORIAL GO,01543032000104,2026-01-01,2026-10-21,0.32414,0.56767,0.89181,"RESOLUÇÃO HOMOLOGATÓRIA Nº 3.544, DE 21 DE OUTUBRO DE 2025"
ELEKTRO,02328280000197,2026-08-27,2027-08-26,0.32636000000000004,0.5652699999999999,0.89163,"RESOLUÇÃO HOMOLOGATÓRIA Nº 3.605, DE 26 DE AGOSTO DE 2026"
CERMISSÕES,97081434000103,2026-07-30,2027-07-29,0.27155,0.61934,0.89089,"RESOLUÇÃO HOMOLOGATÓRIA Nº 2.815, DE 30 DE JULHO DE 2026"
EQUATORIAL MA,06272793000184,2026-08-28,2027-08-27,0.2813,0.60754,0.88884,"RESOLUÇÃO HOMOLOGATÓRIA Nº 3.604, DE 26 DE AGOSTO DE 2026"
CEDRI,50105865000190,2026-01-01,2026-09-29,0.29646,0.58947,0.88593,"RESOLUÇÃO HOMOLOGATÓRIA Nº 3.531, DE 23 DE SETEMBRO DE 2025"
CERIM,50235449000107,2026-01-01,2026-11-29,0.2592,0.62306,0.88226,"RESOLUÇÃO HOMOLOGATÓRIA Nº 3.551, DE 25 DE NOVEMBRO DE 2025"
LIGHT SESA,60444437000146,2026-03-15,2027-03-14,0.302,0.57856,0.88056,"RESOLUÇÃO HOMOLOGATÓRIA Nº 3.571, DE 10 DE MARÇO DE 2026"
COELBA,15139629000194,2026-04-22,2027-04-21,0.25765,0.6200800000000001,0.87773,"RESOLUÇÃO HOMOLOGATÓRIA Nº 3.578, DE 22 DE ABRIL DE 2026"
Âmbar Amazonas,02341467000120,2026-05-26,2027-05-25,0.28111,0.5946,0.87571,"RESOLUÇÃO HOMOLOGATÓRIA Nº 3.588, DE 19 DE MAIO DE 2026"
CEPRAG,78274610000170,2026-01-01,2026-12-21,0.22177000000000002,0.6420800000000001,0.86385,"RESOLUÇÃO HOMOLOGATÓRIA Nº 3.563, DE 9 DE DEZEMBRO DE 2025"
CERVAM,55188502000180,2026-01-01,2026-09-29,0.25437,0.60921,0.86358,"RESOLUÇÃO HOMOLOGATÓRIA Nº 3.527, DE 23 DE SETEMBRO DE 2025"
EQUATORIAL AL,12272084000100,2026-05-03,2027-05-02,0.20107,0.65034,0.85141,"RESOLUÇÃO HOMOLOGATÓRIA Nº 3.584, DE 28 DE ABRIL DE 2026"
EDP ES,28152650000171,2026-08-07,2027-08-06,0.33738999999999997,0.50632,0.84371,"RESOLUÇÃO HOMOLOGATÓRIA Nº 3.600, DE 31 DE JULHO DE 2026"
CERFOX,97505838000179,2026-07-30,2027-07-29,0.22263,0.61814,0.84077,"RESOLUÇÃO HOMOLOGATÓRIA Nº 2.840, DE 30 DE JULHO DE 2026"
UHENPAL,89889604000144,2026-07-22,2027-07-21,0.28637999999999997,0.54877,0.83515,"RESOLUÇÃO HOMOLOGATÓRIA Nº 2.674, DE 22 DE JULHO DE 2026"
EAC,04065033000170,2026-08-26,2026-12-12,0.11386,0.71585,0.82971,"RESOLUÇÃO HOMOLOGATÓRIA Nº 3.318, DE 24 DE AGOSTO DE 2026"
Neoenergia Brasília,07522669000192,2026-01-01,2026-10-21,0.4028,0.42392,0.82672,"RESOLUÇÃO HOMOLOGATÓRIA Nº 3.542, DE 21 DE OUTUBRO DE 2025"
CEA,05965546000109,2026-04-13,2027-05-24,0.041049999999999996,0.7841,0.82515,
CEEE-D,08467115000100,2026-01-01,2026-11-21,0.34337,0.47863,0.822,"RESOLUÇÃO HOMOLOGATÓRIA Nº 3.547, DE 18 DE NOVEMBRO DE 2025"
CERIPa,49606312000132,2026-04-29,2027-04-28,0.17401,0.6471699999999999,0.82118,"RESOLUÇÃO HOMOLOGATÓRIA Nº 1.462, DE 28 DE ABRIL DE 2026"
CHESP,01377555000110,2026-01-01,2026-11-21,0.29069,0.52906,0.81975,"RESOLUÇÃO HOMOLOGATÓRIA Nº 3.545, DE 11 DE NOVEMBRO DE 2025"
ESS,07282377000120,2026-07-12,2027-07-11,0.32156,0.49268,0.81424,"RESOLUÇÃO HOMOLOGATÓRIA Nº 3.599, DE 15 DE JULHO DE 2026"
CPFL Santa Cruz,53859112000169,2026-04-22,2027-04-21,0.25219,0.5603899999999999,0.81258,"RESOLUÇÃO HOMOLOGATÓRIA Nº 3.580, DE 22 DE ABRIL DE 2026"
Neoenergia PE,10835932000108,2026-04-29,2027-04-28,0.26365,0.5352100000000001,0.79886,"RESOLUÇÃO HOMOLOGATÓRIA Nº 3.583, DE 28 DE ABRIL DE 2026"
ELETROCAR,88446034000155,2026-07-22,2027-07-21,0.28687999999999997,0.5095500000000001,0.79643,"RESOLUÇÃO HOMOLOGATÓRIA Nº 2.673, DE 22 DE JULHO DE 2026"
Ceraçá,09364804000144,2026-01-01,2026-09-29,0.22769999999999999,0.5678,0.7955,"RESOLUÇÃO HOMOLOGATÓRIA Nº 3.537, DE 23 DE SETEMBRO DE 2025"
COOPERZEM,78829843000192,2026-01-01,2026-09-29,0.23577,0.55803,0.7938,"RESOLUÇÃO HOMOLOGATÓRIA Nº 3.529, DE 23 DE SETEMBRO DE 2025"
CEJAMA,85665990000130,2026-01-01,2026-09-29,0.23525,0.55529,0.79054,"RESOLUÇÃO HOMOLOGATÓRIA Nº 3.536, DE 23 DE SETEMBRO DE 2025"
ÂMBAR ENERGIA RR,02341470000144,2026-01-25,2027-01-24,0.34469,0.44477999999999995,0.78947,"RESOLUÇÃO HOMOLOGATÓRIA Nº 3.565, DE 20 DE JANEIRO DE 2026"
ELETROPAULO,61695227000193,2026-07-04,2027-07-03,0.31695999999999996,0.47242,0.78938,"RESOLUÇÃO HOMOLOGATÓRIA Nº 3.596, DE 3 DE JULHO DE 2026"
EDP SP,02302100000106,2026-01-01,2026-10-22,0.33003,0.45667,0.7867,"RESOLUÇÃO HOMOLOGATÓRIA Nº 3.541, DE 14 DE OUTUBRO DE 2025"
CRELUZ-D,91950261000128,2026-07-30,2027-07-29,0.2419,0.54371,0.78561,"RESOLUÇÃO HOMOLOGATÓRIA Nº 2.847, DE 30 DE JULHO DE 2026"
CERTAJA,97839922000129,2026-07-30,2027-07-29,0.28196,0.49845999999999996,0.78042,"RESOLUÇÃO HOMOLOGATÓRIA Nº 2.822, DE 30 DE JULHO DE 2026"
COSERN,08324196000181,2026-04-22,2027-04-21,0.29344,0.48236,0.7758,"RESOLUÇÃO HOMOLOGATÓRIA Nº 3.573, DE 22 DE ABRIL DE 2026"
CERGAL,86439510000185,2026-01-01,2026-09-29,0.19262,0.58092,0.77354,"RESOLUÇÃO HOMOLOGATÓRIA Nº 3.539, DE 23 DE SETEMBRO DE 2025"
CASTRO-DIS,30460297000139,2026-07-30,2027-07-29,0.30196,0.46720999999999996,0.76917,"RESOLUÇÃO HOMOLOGATÓRIA Nº 2.813, DE 30 DE JULHO DE 2026"
COPEL-DIS,04368898000106,2026-06-24,2027-06-23,0.31085,0.45717,0.76802,"RESOLUÇÃO HOMOLOGATÓRIA Nº 3.592, DE 23 DE JUNHO DE 2026"
PACTO ENERGIA PR,79850574000109,2026-06-26,2027-06-25,0.31085,0.45717,0.76802,"RESOLUÇÃO HOMOLOGATÓRIA Nº 3.606, DE 26 DE AGOSTO DE 2026"
DEMEI,95289500000100,2026-07-22,2027-07-21,0.28648,0.47767000000000004,0.76415,"RESOLUÇÃO HOMOLOGATÓRIA Nº 2.675, DE 22 DE JULHO DE 2026"
ERO,05914650000166,2026-08-26,2026-12-12,0.05885,0.70359,0.76244,"RESOLUÇÃO HOMOLOGATÓRIA Nº 3.320, DE 24 DE AGOSTO DE 2026"
CELESC,08336783000190,2026-08-22,2027-08-21,0.34570999999999996,0.41404,0.75975,"RESOLUÇÃO HOMOLOGATÓRIA Nº 3.602, DE 21 DE AGOSTO DE 2026"
DCELT,83855973000130,2026-08-29,2027-08-28,0.34570999999999996,0.41404,0.75975,"RESOLUÇÃO HOMOLOGATÓRIA Nº 3.380, DE 28 DE AGOSTO DE 2026"
ESE,13017462000163,2026-04-22,2027-04-21,0.27181,0.4828,0.75461,"RESOLUÇÃO HOMOLOGATÓRIA Nº 3.575, DE 22 DE ABRIL DE 2026"
COORSEL,86448057000173,2026-01-01,2026-09-29,0.22083000000000003,0.5260900000000001,0.74692,"RESOLUÇÃO HOMOLOGATÓRIA Nº 3.530, DE 23 DE SETEMBRO DE 2025"
ELFSM,27485069000109,2026-01-01,2026-09-21,0.30339,0.44198000000000004,0.74537,"RESOLUÇÃO HOMOLOGATÓRIA Nº 3.519, DE 16 DE SETEMBRO DE 2025"
MUXENERGIA,97578090000134,2026-07-22,2027-07-21,0.27286,0.47172000000000003,0.74458,"RESOLUÇÃO HOMOLOGATÓRIA Nº 2.680, DE 22 DE JULHO DE 2026"
CERRP,46598678000119,2026-05-29,2027-05-28,0.16854,0.574,0.74254,"RESOLUÇÃO HOMOLOGATÓRIA Nº 1.904, DE 26 DE MAIO DE 2026"
CERPRO,44560381000139,2026-05-29,2027-05-28,0.22255,0.51998,0.74253,"RESOLUÇÃO HOMOLOGATÓRIA Nº 1.906, DE 26 DE MAIO DE 2026"
CPFL-PIRATINING,04172213000151,2026-01-01,2026-10-22,0.34405,0.39564,0.73969,"RESOLUÇÃO HOMOLOGATÓRIA Nº 3.543, DE 21 DE OUTUBRO DE 2025"
CPFL-PAULISTA,33050196000188,2026-04-08,2027-04-07,0.2902,0.44925,0.73945,"RESOLUÇÃO HOMOLOGATÓRIA Nº 3.579, DE 22 DE ABRIL DE 2026"
COOPERSUL,87462750000163,2026-01-01,2026-12-21,0.17862999999999998,0.55908,0.73771,"RESOLUÇÃO HOMOLOGATÓRIA Nº 3.562, DE 9 DE DEZEMBRO DE 2025"
COCEL,75805895000130,2026-06-29,2027-06-28,0.29302999999999996,0.44133999999999995,0.73437,"RESOLUÇÃO HOMOLOGATÓRIA Nº 3.595, DE 30 DE JUNHO DE 2026"
CEMIRIM,52777034000190,2026-05-29,2027-05-28,0.23776,0.49447,0.73223,"RESOLUÇÃO HOMOLOGATÓRIA Nº 1.901, DE 26 DE MAIO DE 2026"
CERAL-DIS,10532365000110,2026-07-30,2027-07-29,0.17297,0.55767,0.73064,"RESOLUÇÃO HOMOLOGATÓRIA Nº 2.811, DE 30 DE JULHO DE 2026"
CERTHIL,98042963000152,2026-07-30,2027-07-29,0.31708,0.41285000000000005,0.72993,"RESOLUÇÃO HOMOLOGATÓRIA Nº 2.844, DE 30 DE JULHO DE 2026"
HIDROPAN,91982348000187,2026-07-22,2027-07-21,0.27270999999999995,0.45626,0.72897,"RESOLUÇÃO HOMOLOGATÓRIA Nº 2.678, DE 22 DE JULHO DE 2026"
SULGIPE,13255658000196,2026-08-26,2027-05-21,0.18972,0.5290900000000001,0.71881,"RESOLUÇÃO HOMOLOGATÓRIA Nº 3.321, DE 24 DE AGOSTO DE 2026"
COPREL,90660754000160,2026-07-30,2027-07-29,0.31651,0.39981,0.71632,"RESOLUÇÃO HOMOLOGATÓRIA Nº 2.825, DE 30 DE JULHO DE 2026"
CERMOFUL,86533346000170,2026-01-01,2026-09-29,0.12319,0.59251,0.7157,"RESOLUÇÃO HOMOLOGATÓRIA Nº 3.522, DE 23 DE SETEMBRO DE 2025"
CERGAPA,01229747000189,2026-01-01,2026-09-29,0.20092,0.5140800000000001,0.715,"RESOLUÇÃO HOMOLOGATÓRIA Nº 3.521, DE 23 DE SETEMBRO DE 2025"
EPB,09095183000140,2026-08-28,2027-08-27,0.24938,0.46032,0.7097,"RESOLUÇÃO HOMOLOGATÓRIA Nº 3.603, DE 28 DE AGOSTO DE 2026"
ENEL CE,07047251000170,2026-08-26,2027-04-21,0.21325999999999998,0.48849000000000004,0.70175,"RESOLUÇÃO HOMOLOGATÓRIA Nº 3.324, DE 24 DE AGOSTO DE 2026"
COOPERA,83646653000170,2026-01-01,2026-09-29,0.14462,0.5197,0.66432,"RESOLUÇÃO HOMOLOGATÓRIA Nº 3.533, DE 23 DE SETEMBRO DE 2025"
CERSAD DISTRIBUI,11615872000180,2026-01-01,2026-09-29,0.15753999999999999,0.5033,0.66084,"RESOLUÇÃO HOMOLOGATÓRIA Nº 3.524, DE 23 DE SETEMBRO DE 2025"
CERILUZ,87656989000174,2026-07-30,2027-07-29,0.23484,0.41437,0.64921,"RESOLUÇÃO HOMOLOGATÓRIA Nº 2.854, DE 30 DE JULHO DE 2026"
COOPERMILA,75568154000183,2026-01-01,2026-09-29,0.24181,0.39423,0.63604,"RESOLUÇÃO HOMOLOGATÓRIA Nº 3.535, DE 23 DE SETEMBRO DE 2025"
CERBRANORTE,86433042000131,2026-01-01,2026-09-29,0.22886,0.40254,0.6314,"RESOLUÇÃO HOMOLOGATÓRIA Nº 3.538, DE 23 DE SETEMBRO DE 2025"
COOPERLUZ,95824322000161,2026-07-30,2027-07-29,0.32433,0.29769,0.62202,"RESOLUÇÃO HOMOLOGATÓRIA Nº 2.823, DE 30 DE JULHO DE 2026"
DMED,23664303000104,2026-01-01,2026-11-17,0.22113999999999998,0.39643,0.61757,"RESOLUÇÃO HOMOLOGATÓRIA Nº 3.548, DE 18 DE NOVEMBRO DE 2025"
CERSUL,86512670000102,2026-01-01,2026-09-29,0.15637,0.42425999999999997,0.58063,"RESOLUÇÃO HOMOLOGATÓRIA Nº 3.525, DE 23 DE SETEMBRO DE 2025"
COOPERCOCAL,86532348000145,2026-01-01,2026-09-29,0.16441999999999998,0.40566,0.57008,"RESOLUÇÃO HOMOLOGATÓRIA Nº 3.534, DE 23 DE SETEMBRO DE 2025"
CEGERO,86444163000189,2026-01-01,2026-09-29,0.19082,0.3441,0.53492,"RESOLUÇÃO HOMOLOGATÓRIA Nº 3.520, DE 23 DE SETEMBRO DE 2025"
CODESAM,11810343000138,2026-01-01,2026-09-29,0.21056999999999998,0.32359,0.53416,"RESOLUÇÃO HOMOLOGATÓRIA Nº 3.528, DE 23 DE SETEMBRO DE 2025"
